index,code,file,created_at
1,9a2a2b90-6323-45dd-bacd-9600e09b6708,qr_codes/001_9a2a2b90-6323-45dd-bacd-9600e09b6708.png,2025-09-25T23:41:10.632973
2,c8f51669-c6bd-4c98-b893-3bde12cb87da,qr_codes/002_c8f51669-c6bd-4c98-b893-3bde12cb87da.png,2025-09-25T23:41:10.835150
3,ec03369d-f626-40b3-9b64-dd0a764442f8,qr_codes/003_ec03369d-f626-40b3-9b64-dd0a764442f8.png,2025-09-25T23:41:10.843123
4,192e6dbd-b6b4-4adc-95e3-d81e3defac18,qr_codes/004_192e6dbd-b6b4-4adc-95e3-d81e3defac18.png,2025-09-25T23:41:10.851096
5,fd6299cc-ad9b-4be3-aa29-7b7e0f49a57f,qr_codes/005_fd6299cc-ad9b-4be3-aa29-7b7e0f49a57f.png,2025-09-25T23:41:10.860117
6,f8943baf-a89d-447c-92fe-cdff19d24218,qr_codes/006_f8943baf-a89d-447c-92fe-cdff19d24218.png,2025-09-25T23:41:10.868091
7,442f972c-9c52-4ddd-8d6d-f41aa6f584b1,qr_codes/007_442f972c-9c52-4ddd-8d6d-f41aa6f584b1.png,2025-09-25T23:41:10.875151
8,d2894cfa-5ca5-4dc9-90e1-f418ea165780,qr_codes/008_d2894cfa-5ca5-4dc9-90e1-f418ea165780.png,2025-09-25T23:41:10.883124
9,ce8e106a-1410-421b-94cc-416cdc8ec7a7,qr_codes/009_ce8e106a-1410-421b-94cc-416cdc8ec7a7.png,2025-09-25T23:41:10.890627
10,2298f07b-c8a4-49db-aea0-2016784b1830,qr_codes/010_2298f07b-c8a4-49db-aea0-2016784b1830.png,2025-09-25T23:41:10.898042
11,71fee688-24fd-424f-b537-0ec49a8b77c3,qr_codes/011_71fee688-24fd-424f-b537-0ec49a8b77c3.png,2025-09-25T23:41:10.906017
12,c4809c81-10a5-4afd-8040-99a15fa8d37f,qr_codes/012_c4809c81-10a5-4afd-8040-99a15fa8d37f.png,2025-09-25T23:41:10.912992
13,f80b17c3-f275-4d85-8f30-a5115abf399e,qr_codes/013_f80b17c3-f275-4d85-8f30-a5115abf399e.png,2025-09-25T23:41:10.921971
14,c1585861-e77c-4759-a153-607491dffdc4,qr_codes/014_c1585861-e77c-4759-a153-607491dffdc4.png,2025-09-25T23:41:10.929627
15,a49a5401-f6ff-434f-8e5e-9b599a8f7a97,qr_codes/015_a49a5401-f6ff-434f-8e5e-9b599a8f7a97.png,2025-09-25T23:41:10.937192
16,d1376351-6d42-4665-a973-c81e2c90005c,qr_codes/016_d1376351-6d42-4665-a973-c81e2c90005c.png,2025-09-25T23:41:10.944857
17,df4c17f9-d75c-4994-947f-dba110695bd0,qr_codes/017_df4c17f9-d75c-4994-947f-dba110695bd0.png,2025-09-25T23:41:10.951836
18,b7140e40-79b4-494f-8077-f61dd2f606da,qr_codes/018_b7140e40-79b4-494f-8077-f61dd2f606da.png,2025-09-25T23:41:10.959239
19,e11e0e06-65e5-46c3-ba45-2d00fce240cd,qr_codes/019_e11e0e06-65e5-46c3-ba45-2d00fce240cd.png,2025-09-25T23:41:10.967216
20,7845143b-79b9-4159-a292-877155c51b3e,qr_codes/020_7845143b-79b9-4159-a292-877155c51b3e.png,2025-09-25T23:41:10.974193
21,74acce93-e2e7-4c0b-b68e-3ccaf2736c84,qr_codes/021_74acce93-e2e7-4c0b-b68e-3ccaf2736c84.png,2025-09-25T23:41:10.981761
22,4b62c3b8-e5dc-4fee-b642-efc86c334d01,qr_codes/022_4b62c3b8-e5dc-4fee-b642-efc86c334d01.png,2025-09-25T23:41:10.989860
23,b47c10d3-5dc9-4e3a-995c-65900ee06260,qr_codes/023_b47c10d3-5dc9-4e3a-995c-65900ee06260.png,2025-09-25T23:41:10.999827
24,ede47c7f-6ba1-459b-aded-fadd5515ce89,qr_codes/024_ede47c7f-6ba1-459b-aded-fadd5515ce89.png,2025-09-25T23:41:11.006804
25,ea5f65ad-3f69-4347-8f36-5db9d986af35,qr_codes/025_ea5f65ad-3f69-4347-8f36-5db9d986af35.png,2025-09-25T23:41:11.013783
26,ea556082-358c-4a1a-b248-bfc22928df4e,qr_codes/026_ea556082-358c-4a1a-b248-bfc22928df4e.png,2025-09-25T23:41:11.021236
27,7eac455d-3e5c-4663-b815-80b73e5359f2,qr_codes/027_7eac455d-3e5c-4663-b815-80b73e5359f2.png,2025-09-25T23:41:11.028180
28,e4ec463e-f439-488d-b4de-fcbcd89247eb,qr_codes/028_e4ec463e-f439-488d-b4de-fcbcd89247eb.png,2025-09-25T23:41:11.036195
29,62eb1910-daad-4e57-8cb9-a70aad18a94c,qr_codes/029_62eb1910-daad-4e57-8cb9-a70aad18a94c.png,2025-09-25T23:41:11.043367
30,f869a9d6-e5fd-4e91-9260-4839761e9e4c,qr_codes/030_f869a9d6-e5fd-4e91-9260-4839761e9e4c.png,2025-09-25T23:41:11.050343
31,042bd7fd-35d8-4361-82c8-bfa4cb2cc122,qr_codes/031_042bd7fd-35d8-4361-82c8-bfa4cb2cc122.png,2025-09-25T23:41:11.057871
32,0fb6c4bc-2157-49d6-96c2-1e62e257b137,qr_codes/032_0fb6c4bc-2157-49d6-96c2-1e62e257b137.png,2025-09-25T23:41:11.065852
33,85b66b95-95f7-4e67-8e22-022fefd02928,qr_codes/033_85b66b95-95f7-4e67-8e22-022fefd02928.png,2025-09-25T23:41:11.072828
34,628b95f3-657c-4cbd-8a32-be22d0dc0279,qr_codes/034_628b95f3-657c-4cbd-8a32-be22d0dc0279.png,2025-09-25T23:41:11.082102
35,b98b9fde-35e6-47bb-8b61-79fd4025fa77,qr_codes/035_b98b9fde-35e6-47bb-8b61-79fd4025fa77.png,2025-09-25T23:41:11.090690
36,9621c86d-5c27-487d-b08b-e3598684b993,qr_codes/036_9621c86d-5c27-487d-b08b-e3598684b993.png,2025-09-25T23:41:11.098198
37,894af2f5-ee86-409e-9029-c888d3672327,qr_codes/037_894af2f5-ee86-409e-9029-c888d3672327.png,2025-09-25T23:41:11.106217
38,8be94a5b-3e2e-49d4-b3cb-0a34f2789d5a,qr_codes/038_8be94a5b-3e2e-49d4-b3cb-0a34f2789d5a.png,2025-09-25T23:41:11.113386
39,1d209f1e-d4ea-4a87-b85c-f616ec974638,qr_codes/039_1d209f1e-d4ea-4a87-b85c-f616ec974638.png,2025-09-25T23:41:11.121358
40,cedc9198-6daf-4750-84c2-c6f1bd483c52,qr_codes/040_cedc9198-6daf-4750-84c2-c6f1bd483c52.png,2025-09-25T23:41:11.129333
41,137b4600-5530-40f6-b45b-a45a9e8c9b94,qr_codes/041_137b4600-5530-40f6-b45b-a45a9e8c9b94.png,2025-09-25T23:41:11.137375
42,4f1fbedb-9f07-4d0c-9ada-8673cbec32cc,qr_codes/042_4f1fbedb-9f07-4d0c-9ada-8673cbec32cc.png,2025-09-25T23:41:11.144349
43,6cedef80-70be-4e9c-932f-5b58c4cd7f6d,qr_codes/043_6cedef80-70be-4e9c-932f-5b58c4cd7f6d.png,2025-09-25T23:41:11.153320
44,e34c39eb-6269-4eb9-859a-390b403bce11,qr_codes/044_e34c39eb-6269-4eb9-859a-390b403bce11.png,2025-09-25T23:41:11.160296
45,49eed0ce-c942-4cf0-898c-316d080f8f9c,qr_codes/045_49eed0ce-c942-4cf0-898c-316d080f8f9c.png,2025-09-25T23:41:11.167362
46,f93dca10-50cb-42b6-b83b-c4a5a0dcc860,qr_codes/046_f93dca10-50cb-42b6-b83b-c4a5a0dcc860.png,2025-09-25T23:41:11.175346
47,166d5a58-7773-48eb-8d35-8da921a74635,qr_codes/047_166d5a58-7773-48eb-8d35-8da921a74635.png,2025-09-25T23:41:11.183635
48,e8b62b2a-fb70-4206-9521-a96d8afd7402,qr_codes/048_e8b62b2a-fb70-4206-9521-a96d8afd7402.png,2025-09-25T23:41:11.191609
49,d6054020-ce89-4b47-8f95-d878f894dad2,qr_codes/049_d6054020-ce89-4b47-8f95-d878f894dad2.png,2025-09-25T23:41:11.199501
50,8341b714-bea5-46be-9461-382d322ad1d6,qr_codes/050_8341b714-bea5-46be-9461-382d322ad1d6.png,2025-09-25T23:41:11.207474
51,45fc208a-57a4-47cf-9e40-e81ec8cfe6bb,qr_codes/051_45fc208a-57a4-47cf-9e40-e81ec8cfe6bb.png,2025-09-25T23:41:11.214908
52,52c80f0a-fb6e-4325-ab87-ace56d8f965e,qr_codes/052_52c80f0a-fb6e-4325-ab87-ace56d8f965e.png,2025-09-25T23:41:11.222878
53,6a20d2ee-ae73-4282-9334-12489405a88f,qr_codes/053_6a20d2ee-ae73-4282-9334-12489405a88f.png,2025-09-25T23:41:11.230946
54,0cc3b41e-ea85-435c-a5ec-830486928a63,qr_codes/054_0cc3b41e-ea85-435c-a5ec-830486928a63.png,2025-09-25T23:41:11.238918
55,ccee216f-3fc7-4954-a8d1-af24277c4b47,qr_codes/055_ccee216f-3fc7-4954-a8d1-af24277c4b47.png,2025-09-25T23:41:11.245897
56,98ce691d-aedb-4cc6-9eed-f1c2084cebaa,qr_codes/056_98ce691d-aedb-4cc6-9eed-f1c2084cebaa.png,2025-09-25T23:41:11.253868
57,33693a40-d894-49df-a14a-4d3bafcf425b,qr_codes/057_33693a40-d894-49df-a14a-4d3bafcf425b.png,2025-09-25T23:41:11.261844
58,5a4a1091-935d-452d-8845-4efae0be4d12,qr_codes/058_5a4a1091-935d-452d-8845-4efae0be4d12.png,2025-09-25T23:41:11.269819
59,9faefdda-ad5c-4a4b-909f-26021147f067,qr_codes/059_9faefdda-ad5c-4a4b-909f-26021147f067.png,2025-09-25T23:41:11.278785
60,d33acee5-0349-4c54-af55-370e4a9fd9fd,qr_codes/060_d33acee5-0349-4c54-af55-370e4a9fd9fd.png,2025-09-25T23:41:11.285766
61,566e24ba-a1a2-4138-8335-ea298a992a8a,qr_codes/061_566e24ba-a1a2-4138-8335-ea298a992a8a.png,2025-09-25T23:41:11.293407
62,7ee3d2ab-11b0-48a3-a82e-805d50528865,qr_codes/062_7ee3d2ab-11b0-48a3-a82e-805d50528865.png,2025-09-25T23:41:11.301379
63,dd6f5fbc-7e4b-4b80-897d-2ec697ce4d25,qr_codes/063_dd6f5fbc-7e4b-4b80-897d-2ec697ce4d25.png,2025-09-25T23:41:11.309353
64,a6de76ce-1678-40b1-9dce-9f44b31e2456,qr_codes/064_a6de76ce-1678-40b1-9dce-9f44b31e2456.png,2025-09-25T23:41:11.316994
65,ae8ca4d1-1867-4aa8-96a2-77e9eb4a8ef6,qr_codes/065_ae8ca4d1-1867-4aa8-96a2-77e9eb4a8ef6.png,2025-09-25T23:41:11.325966
66,9e28e3aa-6811-495c-b11b-558d6f17e510,qr_codes/066_9e28e3aa-6811-495c-b11b-558d6f17e510.png,2025-09-25T23:41:11.332942
67,ff0ed3c9-ffed-4880-a84d-ef02b68ec6c9,qr_codes/067_ff0ed3c9-ffed-4880-a84d-ef02b68ec6c9.png,2025-09-25T23:41:11.341046
68,f7163f1c-6d8d-46a5-86dd-a95edad94499,qr_codes/068_f7163f1c-6d8d-46a5-86dd-a95edad94499.png,2025-09-25T23:41:11.348022
69,f1427cca-8315-4111-bd44-9b500df4df3f,qr_codes/069_f1427cca-8315-4111-bd44-9b500df4df3f.png,2025-09-25T23:41:11.355996
70,a2c4d137-77ae-41f3-973a-dc263747cde0,qr_codes/070_a2c4d137-77ae-41f3-973a-dc263747cde0.png,2025-09-25T23:41:11.363970
71,5787f3a6-fa2f-4531-80f3-814304ed6a8f,qr_codes/071_5787f3a6-fa2f-4531-80f3-814304ed6a8f.png,2025-09-25T23:41:11.371122
72,cc0277ff-4b89-43e4-a623-baf5505dd5dc,qr_codes/072_cc0277ff-4b89-43e4-a623-baf5505dd5dc.png,2025-09-25T23:41:11.379140
73,40325799-d95f-4c5a-9af7-0f97bb228b23,qr_codes/073_40325799-d95f-4c5a-9af7-0f97bb228b23.png,2025-09-25T23:41:11.387520
74,21325cb6-18a1-4383-8a50-89b81fb35d7c,qr_codes/074_21325cb6-18a1-4383-8a50-89b81fb35d7c.png,2025-09-25T23:41:11.395497
75,db80fe8e-730e-4a40-b871-80fb4b146707,qr_codes/075_db80fe8e-730e-4a40-b871-80fb4b146707.png,2025-09-25T23:41:11.402575
76,b6d967bb-80d2-4474-b1d3-97907191e733,qr_codes/076_b6d967bb-80d2-4474-b1d3-97907191e733.png,2025-09-25T23:41:11.409876
77,975eaedb-52f2-4233-bfa4-1220a91a2c3c,qr_codes/077_975eaedb-52f2-4233-bfa4-1220a91a2c3c.png,2025-09-25T23:41:11.417677
78,2382485a-df8e-45a8-8baa-5f8f231aacd8,qr_codes/078_2382485a-df8e-45a8-8baa-5f8f231aacd8.png,2025-09-25T23:41:11.424538
79,addfe4de-07f2-4cc8-a1e7-1278eee62cf9,qr_codes/079_addfe4de-07f2-4cc8-a1e7-1278eee62cf9.png,2025-09-25T23:41:11.431516
80,814cefe3-4119-49bf-a965-a78996d6eec0,qr_codes/080_814cefe3-4119-49bf-a965-a78996d6eec0.png,2025-09-25T23:41:11.438492
81,d06cd89b-b103-4cd1-8adc-dc5f8e780255,qr_codes/081_d06cd89b-b103-4cd1-8adc-dc5f8e780255.png,2025-09-25T23:41:11.446323
82,b14e2be4-f843-43fe-8706-43d763f8c1a2,qr_codes/082_b14e2be4-f843-43fe-8706-43d763f8c1a2.png,2025-09-25T23:41:11.453920
83,450ca51f-d6ff-41b3-82b5-46224cbf0d9a,qr_codes/083_450ca51f-d6ff-41b3-82b5-46224cbf0d9a.png,2025-09-25T23:41:11.460897
84,874e698e-0c4b-4746-aefb-6ca2d6a22f08,qr_codes/084_874e698e-0c4b-4746-aefb-6ca2d6a22f08.png,2025-09-25T23:41:11.468509
85,ecbbff1f-604d-4b8d-92cf-5c8d7a00e38b,qr_codes/085_ecbbff1f-604d-4b8d-92cf-5c8d7a00e38b.png,2025-09-25T23:41:11.477484
86,cc4cb820-5fec-40fa-a756-e9043641c99a,qr_codes/086_cc4cb820-5fec-40fa-a756-e9043641c99a.png,2025-09-25T23:41:11.485451
87,8c94a1a6-4042-402e-a410-cbf525ded038,qr_codes/087_8c94a1a6-4042-402e-a410-cbf525ded038.png,2025-09-25T23:41:11.495973
88,b2dcaaca-0b06-4c86-a74b-f29a1c0e2844,qr_codes/088_b2dcaaca-0b06-4c86-a74b-f29a1c0e2844.png,2025-09-25T23:41:11.509085
89,185c6c03-bbf1-4589-a3d0-704df111360a,qr_codes/089_185c6c03-bbf1-4589-a3d0-704df111360a.png,2025-09-25T23:41:11.524353
90,e574eabd-a419-4000-a752-c958ed4e479e,qr_codes/090_e574eabd-a419-4000-a752-c958ed4e479e.png,2025-09-25T23:41:11.535699
91,d0430484-8ccc-406e-a298-eef924c678b1,qr_codes/091_d0430484-8ccc-406e-a298-eef924c678b1.png,2025-09-25T23:41:11.549419
92,bbfba400-20c0-46b9-b49e-d3d6030451a5,qr_codes/092_bbfba400-20c0-46b9-b49e-d3d6030451a5.png,2025-09-25T23:41:11.559313
93,81b71178-06a2-4508-bb3b-688b9322430b,qr_codes/093_81b71178-06a2-4508-bb3b-688b9322430b.png,2025-09-25T23:41:11.567285
94,15d6192c-dea0-46ac-b898-5a9d50dfaa1a,qr_codes/094_15d6192c-dea0-46ac-b898-5a9d50dfaa1a.png,2025-09-25T23:41:11.580248
95,5c0a3067-dd98-426d-b0e4-3514c15cd608,qr_codes/095_5c0a3067-dd98-426d-b0e4-3514c15cd608.png,2025-09-25T23:41:11.588195
96,c2752c7f-519c-4a00-b497-2e9336539845,qr_codes/096_c2752c7f-519c-4a00-b497-2e9336539845.png,2025-09-25T23:41:11.596207
97,7ad223f0-4dba-4f9e-862b-c979445b1eee,qr_codes/097_7ad223f0-4dba-4f9e-862b-c979445b1eee.png,2025-09-25T23:41:11.603184
98,3ce2afb8-10d2-46ce-921e-453e8e046fc3,qr_codes/098_3ce2afb8-10d2-46ce-921e-453e8e046fc3.png,2025-09-25T23:41:11.610713
99,2158afe6-3dac-459f-b1c2-6fb62e5e48b6,qr_codes/099_2158afe6-3dac-459f-b1c2-6fb62e5e48b6.png,2025-09-25T23:41:11.617690
100,4b86e3db-7a71-4d37-9078-f11864e1c338,qr_codes/100_4b86e3db-7a71-4d37-9078-f11864e1c338.png,2025-09-25T23:41:11.625019
101,fda2a415-d2a1-41e8-9b02-1f655c37d22c,qr_codes/101_fda2a415-d2a1-41e8-9b02-1f655c37d22c.png,2025-09-25T23:41:11.631995
102,b005b0dd-f2f5-4302-9919-42a34227e199,qr_codes/102_b005b0dd-f2f5-4302-9919-42a34227e199.png,2025-09-25T23:41:11.638972
103,89e561c2-8fdd-4d98-bd61-5a863a31074e,qr_codes/103_89e561c2-8fdd-4d98-bd61-5a863a31074e.png,2025-09-25T23:41:11.646946
104,bca4b899-d08e-41ed-a233-2ceb7f2d82c8,qr_codes/104_bca4b899-d08e-41ed-a233-2ceb7f2d82c8.png,2025-09-25T23:41:11.654123
105,148e2ce1-e232-4e41-986a-9cc7cd7787fc,qr_codes/105_148e2ce1-e232-4e41-986a-9cc7cd7787fc.png,2025-09-25T23:41:11.661100
106,6852859e-1df9-4295-bfe6-5a3a0f945487,qr_codes/106_6852859e-1df9-4295-bfe6-5a3a0f945487.png,2025-09-25T23:41:11.668133
107,3f51ac0d-03ff-46c3-9d4e-87748d09fecb,qr_codes/107_3f51ac0d-03ff-46c3-9d4e-87748d09fecb.png,2025-09-25T23:41:11.676105
108,187116ae-b0a7-4a3e-91fa-140697907267,qr_codes/108_187116ae-b0a7-4a3e-91fa-140697907267.png,2025-09-25T23:41:11.684078
109,6bee5659-4669-40ec-b06d-00cf1e8eb857,qr_codes/109_6bee5659-4669-40ec-b06d-00cf1e8eb857.png,2025-09-25T23:41:11.691056
110,7f3239a4-7780-4370-8282-dbc4fa873a7f,qr_codes/110_7f3239a4-7780-4370-8282-dbc4fa873a7f.png,2025-09-25T23:41:11.699101
111,1f391be2-a50c-40ad-a902-4cf1fc907c2b,qr_codes/111_1f391be2-a50c-40ad-a902-4cf1fc907c2b.png,2025-09-25T23:41:11.707074
112,d35633f3-0197-42fb-86f0-9763abdd7108,qr_codes/112_d35633f3-0197-42fb-86f0-9763abdd7108.png,2025-09-25T23:41:11.714121
113,24788c3c-f35d-4dc3-9f96-f1e5e86a8a79,qr_codes/113_24788c3c-f35d-4dc3-9f96-f1e5e86a8a79.png,2025-09-25T23:41:11.722096
114,f21c88ef-a155-40f7-8c41-87a5801e05fa,qr_codes/114_f21c88ef-a155-40f7-8c41-87a5801e05fa.png,2025-09-25T23:41:11.729075
115,a0a649c9-53e9-463a-9171-19b625edc040,qr_codes/115_a0a649c9-53e9-463a-9171-19b625edc040.png,2025-09-25T23:41:11.738158
116,e07b7912-8685-4395-a79d-c3b7b132892d,qr_codes/116_e07b7912-8685-4395-a79d-c3b7b132892d.png,2025-09-25T23:41:11.744760
117,637a21d7-dcd5-410a-bba1-866615bf84b3,qr_codes/117_637a21d7-dcd5-410a-bba1-866615bf84b3.png,2025-09-25T23:41:11.753064
118,7f5cdd01-7902-4e11-aa25-46cbb44285f5,qr_codes/118_7f5cdd01-7902-4e11-aa25-46cbb44285f5.png,2025-09-25T23:41:11.761961
119,5d193ad4-b952-42e3-aa8c-74b01d5350fa,qr_codes/119_5d193ad4-b952-42e3-aa8c-74b01d5350fa.png,2025-09-25T23:41:11.770663
120,3055e758-00c0-4b23-92c0-eed1aec00ba7,qr_codes/120_3055e758-00c0-4b23-92c0-eed1aec00ba7.png,2025-09-25T23:41:11.778176
121,db7dcb94-1e99-449b-b762-b39c4efe5cb8,qr_codes/121_db7dcb94-1e99-449b-b762-b39c4efe5cb8.png,2025-09-25T23:41:11.787435
122,297688c2-86c9-4c9d-bd9e-dedf1586ee5e,qr_codes/122_297688c2-86c9-4c9d-bd9e-dedf1586ee5e.png,2025-09-25T23:41:11.798405
123,0a04f2b0-e808-4284-aeed-ca5dd4063e43,qr_codes/123_0a04f2b0-e808-4284-aeed-ca5dd4063e43.png,2025-09-25T23:41:11.807681
124,faf85cc0-a8a2-42fe-9ddd-0c9371fbda5e,qr_codes/124_faf85cc0-a8a2-42fe-9ddd-0c9371fbda5e.png,2025-09-25T23:41:11.815653
125,bd827af7-b0b2-4305-a967-347de3f7d110,qr_codes/125_bd827af7-b0b2-4305-a967-347de3f7d110.png,2025-09-25T23:41:11.824772
126,c131d1b9-b488-4ba3-9496-d5731a008917,qr_codes/126_c131d1b9-b488-4ba3-9496-d5731a008917.png,2025-09-25T23:41:11.833325
127,fa20b607-12c4-4efd-a5e1-1fc89f394b9d,qr_codes/127_fa20b607-12c4-4efd-a5e1-1fc89f394b9d.png,2025-09-25T23:41:11.840915
128,2b07e200-ced0-42ed-831d-f8907de81915,qr_codes/128_2b07e200-ced0-42ed-831d-f8907de81915.png,2025-09-25T23:41:11.848885
129,b8992ede-4e27-4520-8f38-48cc9448ba09,qr_codes/129_b8992ede-4e27-4520-8f38-48cc9448ba09.png,2025-09-25T23:41:11.856243
130,405776e2-fe9d-4379-b2d6-703c24bca49f,qr_codes/130_405776e2-fe9d-4379-b2d6-703c24bca49f.png,2025-09-25T23:41:11.864217
131,2d547ff0-ab35-4507-879e-b87b75f1543c,qr_codes/131_2d547ff0-ab35-4507-879e-b87b75f1543c.png,2025-09-25T23:41:11.872686
132,6de37f8f-4d63-4eb2-b2e1-c6f5442ea85b,qr_codes/132_6de37f8f-4d63-4eb2-b2e1-c6f5442ea85b.png,2025-09-25T23:41:11.883279
133,1fca4b66-cede-4a80-8bbe-0a9e8b511f50,qr_codes/133_1fca4b66-cede-4a80-8bbe-0a9e8b511f50.png,2025-09-25T23:41:11.891505
134,e972a329-bf39-48d5-ba7c-8e42cbc3e402,qr_codes/134_e972a329-bf39-48d5-ba7c-8e42cbc3e402.png,2025-09-25T23:41:11.898483
135,88e7fddc-07d0-420a-827b-7780592912a1,qr_codes/135_88e7fddc-07d0-420a-827b-7780592912a1.png,2025-09-25T23:41:11.906361
136,60315235-6336-40c8-a0e0-e4956476e480,qr_codes/136_60315235-6336-40c8-a0e0-e4956476e480.png,2025-09-25T23:41:11.913334
137,4ab3751e-6fe3-46ac-8ddf-c9a49ec076ca,qr_codes/137_4ab3751e-6fe3-46ac-8ddf-c9a49ec076ca.png,2025-09-25T23:41:11.921307
138,adfb932f-f329-4883-b0a5-6c8fb64db0eb,qr_codes/138_adfb932f-f329-4883-b0a5-6c8fb64db0eb.png,2025-09-25T23:41:11.929463
139,b11ae176-76d8-4bb6-bbf8-71f1ad9c02d8,qr_codes/139_b11ae176-76d8-4bb6-bbf8-71f1ad9c02d8.png,2025-09-25T23:41:11.937872
140,7371f0ee-5699-4956-9a5d-acc4f18b8183,qr_codes/140_7371f0ee-5699-4956-9a5d-acc4f18b8183.png,2025-09-25T23:41:11.946594
141,a1dda444-ebbc-41d2-9a1b-c746dead10c8,qr_codes/141_a1dda444-ebbc-41d2-9a1b-c746dead10c8.png,2025-09-25T23:41:11.953954
142,133a5d9f-0666-4f47-b50a-5f98ec42f7fe,qr_codes/142_133a5d9f-0666-4f47-b50a-5f98ec42f7fe.png,2025-09-25T23:41:11.962014
143,3a7a1243-a395-4a0f-a573-e1864efb055c,qr_codes/143_3a7a1243-a395-4a0f-a573-e1864efb055c.png,2025-09-25T23:41:11.970069
144,3b816d25-ab09-45e3-aae8-7da56345bb09,qr_codes/144_3b816d25-ab09-45e3-aae8-7da56345bb09.png,2025-09-25T23:41:11.978669
145,2320fb4c-79cd-4e82-ad66-c7fde96630e2,qr_codes/145_2320fb4c-79cd-4e82-ad66-c7fde96630e2.png,2025-09-25T23:41:11.987477
146,4c9062d0-87e7-43ec-8e33-fbc01ad63919,qr_codes/146_4c9062d0-87e7-43ec-8e33-fbc01ad63919.png,2025-09-25T23:41:11.994454
147,055e0a6c-e59c-4b7a-8ef5-596563be5fa4,qr_codes/147_055e0a6c-e59c-4b7a-8ef5-596563be5fa4.png,2025-09-25T23:41:12.004421
148,b8af1c70-dce0-445e-a1ac-6e4c1d76fb62,qr_codes/148_b8af1c70-dce0-445e-a1ac-6e4c1d76fb62.png,2025-09-25T23:41:12.012947
149,5575a4d5-2d36-4ee6-b5ce-6fefd42c0539,qr_codes/149_5575a4d5-2d36-4ee6-b5ce-6fefd42c0539.png,2025-09-25T23:41:12.020923
150,ec6acb19-bb3e-4865-8649-ac6caa4d4285,qr_codes/150_ec6acb19-bb3e-4865-8649-ac6caa4d4285.png,2025-09-25T23:41:12.028092
151,5ae248d0-02e2-49dd-87f1-225c6db5ae0e,qr_codes/151_5ae248d0-02e2-49dd-87f1-225c6db5ae0e.png,2025-09-25T23:41:12.035067
152,aaa5c655-7979-4f36-9545-17e687e6af0a,qr_codes/152_aaa5c655-7979-4f36-9545-17e687e6af0a.png,2025-09-25T23:41:12.042598
153,2cb47f04-adf9-48f3-be23-004eff4725d9,qr_codes/153_2cb47f04-adf9-48f3-be23-004eff4725d9.png,2025-09-25T23:41:12.049577
154,cbace77a-42a6-4144-a189-a715c326a9f6,qr_codes/154_cbace77a-42a6-4144-a189-a715c326a9f6.png,2025-09-25T23:41:12.058169
155,17daea4a-f7d0-4c0d-9fcb-b5bf51f2c033,qr_codes/155_17daea4a-f7d0-4c0d-9fcb-b5bf51f2c033.png,2025-09-25T23:41:12.066986
156,538a6f98-5702-470a-a9e9-9ad098fdeeb5,qr_codes/156_538a6f98-5702-470a-a9e9-9ad098fdeeb5.png,2025-09-25T23:41:12.075189
157,05dca925-de85-4f82-a743-b1c1f70bf374,qr_codes/157_05dca925-de85-4f82-a743-b1c1f70bf374.png,2025-09-25T23:41:12.082793
158,5c49ec9e-704a-409e-81d1-b39a4d97a903,qr_codes/158_5c49ec9e-704a-409e-81d1-b39a4d97a903.png,2025-09-25T23:41:12.091336
159,7de5b5c0-5b51-4717-b627-10956a1eda32,qr_codes/159_7de5b5c0-5b51-4717-b627-10956a1eda32.png,2025-09-25T23:41:12.099077
160,08b732df-8b2b-44bf-89b5-d52f753649df,qr_codes/160_08b732df-8b2b-44bf-89b5-d52f753649df.png,2025-09-25T23:41:12.107005
161,9edaf5cf-a9fe-400e-83bd-783f597a1c07,qr_codes/161_9edaf5cf-a9fe-400e-83bd-783f597a1c07.png,2025-09-25T23:41:12.116694
162,c28378dc-f481-4b5b-af48-d3b3e2ff8188,qr_codes/162_c28378dc-f481-4b5b-af48-d3b3e2ff8188.png,2025-09-25T23:41:12.123934
163,42f22ace-90be-4b68-8026-2413e732dba2,qr_codes/163_42f22ace-90be-4b68-8026-2413e732dba2.png,2025-09-25T23:41:12.131776
164,4a533d79-151f-467a-9682-6edcfee56a58,qr_codes/164_4a533d79-151f-467a-9682-6edcfee56a58.png,2025-09-25T23:41:12.138783
165,664c87ee-1e3e-4add-88f1-f7977acd6940,qr_codes/165_664c87ee-1e3e-4add-88f1-f7977acd6940.png,2025-09-25T23:41:12.147841
166,fd232f86-2e48-4a34-ba78-69c4bdff22fd,qr_codes/166_fd232f86-2e48-4a34-ba78-69c4bdff22fd.png,2025-09-25T23:41:12.156036
167,185e3fbf-a46f-43f7-af03-1992f241adfb,qr_codes/167_185e3fbf-a46f-43f7-af03-1992f241adfb.png,2025-09-25T23:41:12.163877
168,a82391ad-1a9d-41e8-a92b-db0d8d074a96,qr_codes/168_a82391ad-1a9d-41e8-a92b-db0d8d074a96.png,2025-09-25T23:41:12.173568
169,ae04ce69-5b8e-4adc-a1bf-093cc25470da,qr_codes/169_ae04ce69-5b8e-4adc-a1bf-093cc25470da.png,2025-09-25T23:41:12.181841
170,0bd7becc-d074-4ba5-abe1-9854c9510cb2,qr_codes/170_0bd7becc-d074-4ba5-abe1-9854c9510cb2.png,2025-09-25T23:41:12.191637
171,7b8f5a12-d6b8-4efa-83e7-4769b9d1e1ff,qr_codes/171_7b8f5a12-d6b8-4efa-83e7-4769b9d1e1ff.png,2025-09-25T23:41:12.200689
172,f0cffe8a-db1a-4e13-8706-489dd9773dfd,qr_codes/172_f0cffe8a-db1a-4e13-8706-489dd9773dfd.png,2025-09-25T23:41:12.211756
173,1b9d8250-f540-4200-8a46-2ae778b1ef90,qr_codes/173_1b9d8250-f540-4200-8a46-2ae778b1ef90.png,2025-09-25T23:41:12.219269
174,04ee7e79-5dc6-4368-8a9a-1a9c59b91692,qr_codes/174_04ee7e79-5dc6-4368-8a9a-1a9c59b91692.png,2025-09-25T23:41:12.228159
175,3abbffe2-ef6d-4541-be7b-66f92c042562,qr_codes/175_3abbffe2-ef6d-4541-be7b-66f92c042562.png,2025-09-25T23:41:12.235904
176,df77224d-4034-4c88-ae07-005f66a045cc,qr_codes/176_df77224d-4034-4c88-ae07-005f66a045cc.png,2025-09-25T23:41:12.243691
177,06e29274-475a-4ba2-b800-8412b647539e,qr_codes/177_06e29274-475a-4ba2-b800-8412b647539e.png,2025-09-25T23:41:12.252397
178,6e5813c6-0060-47b8-a5f4-868f005e4a86,qr_codes/178_6e5813c6-0060-47b8-a5f4-868f005e4a86.png,2025-09-25T23:41:12.260836
179,523862df-206f-4ae6-ad24-5d7b30fa29f0,qr_codes/179_523862df-206f-4ae6-ad24-5d7b30fa29f0.png,2025-09-25T23:41:12.269791
180,be04c26d-8ab9-429e-bd69-bfad99a949cb,qr_codes/180_be04c26d-8ab9-429e-bd69-bfad99a949cb.png,2025-09-25T23:41:12.278839
181,4212a3b3-1a21-4b61-be45-af2db5ab64bd,qr_codes\181_4212a3b3-1a21-4b61-be45-af2db5ab64bd.png,2025-09-26T13:33:43.163586
182,93bf18d9-8bda-4549-af75-6e37d2d6dd50,qr_codes\182_93bf18d9-8bda-4549-af75-6e37d2d6dd50.png,2025-09-26T13:33:43.342674
183,da46cc0d-4c63-4d4c-b371-f29138dbe5cf,qr_codes\183_da46cc0d-4c63-4d4c-b371-f29138dbe5cf.png,2025-09-26T13:33:43.352674
184,d3c1f4ff-a85d-4510-9dd6-94d176f754fc,qr_codes\184_d3c1f4ff-a85d-4510-9dd6-94d176f754fc.png,2025-09-26T13:33:43.357775
185,518d9862-6691-4536-9fa8-2089afee2165,qr_codes\185_518d9862-6691-4536-9fa8-2089afee2165.png,2025-09-26T13:33:43.364395
186,d0d4a64a-34a9-434b-8121-fab7dc984eb7,qr_codes\186_d0d4a64a-34a9-434b-8121-fab7dc984eb7.png,2025-09-26T13:33:43.372857
187,90a5a47a-5039-4d15-ae7e-964ff3353320,qr_codes\187_90a5a47a-5039-4d15-ae7e-964ff3353320.png,2025-09-26T13:33:43.378364
188,c49301bf-9626-418f-81a5-ea9a0fc22c7f,qr_codes\188_c49301bf-9626-418f-81a5-ea9a0fc22c7f.png,2025-09-26T13:33:43.385287
189,67a13d74-aa8d-485c-bc52-7a49a6dded73,qr_codes\189_67a13d74-aa8d-485c-bc52-7a49a6dded73.png,2025-09-26T13:33:43.392337
190,dd8f1f1b-2d5d-493b-b308-6a860167e288,qr_codes\190_dd8f1f1b-2d5d-493b-b308-6a860167e288.png,2025-09-26T13:33:43.399139
